code,term
0407020A0AAAEAE,Fentanyl 25micrograms/hour transdermal patches
0407020A0AAAFAF,Fentanyl 50micrograms/hour transdermal patches
0407020A0AAAGAG,Fentanyl 75micrograms/hour transdermal patches
0407020A0AAAHAH,Fentanyl 100micrograms/hour transdermal patches
0407020A0AAAUAU,Fentanyl 12micrograms/hour transdermal patches
0407020A0AABWBW,Fentanyl 37.5microgram/hour transdermal patches
0407020A0BBAAAE,Durogesic 25micrograms transdermal patches
0407020A0BBABAF,Durogesic 50micrograms transdermal patches
0407020A0BBACAG,Durogesic 75micrograms transdermal patches
0407020A0BBADAH,Durogesic 100micrograms transdermal patches
0407020A0BBAIAE,Durogesic DTrans 25micrograms/hour transdermal patches
0407020A0BBAJAF,Durogesic DTrans 50micrograms/hour transdermal patches
0407020A0BBAKAG,Durogesic DTrans 75micrograms/hour transdermal patches
0407020A0BBALAH,Durogesic DTrans 100micrograms/hour transdermal patches
0407020A0BBAMAU,Durogesic DTrans 12micrograms/hour transdermal patches
0407020A0BDAAAE,Tilofyl 25micrograms/hour transdermal patches
0407020A0BDABAF,Tilofyl 50micrograms/hour transdermal patches
0407020A0BDACAG,Tilofyl 75micrograms/hour transdermal patches
0407020A0BDADAH,Tilofyl 100micrograms/hour transdermal patches
0407020A0BEAAAU,Matrifen 12micrograms/hour transdermal patches
0407020A0BEABAE,Matrifen 25micrograms/hour transdermal patches
0407020A0BEACAF,Matrifen 50micrograms/hour transdermal patches
0407020A0BEADAG,Matrifen 75micrograms/hour transdermal patches
0407020A0BEAEAH,Matrifen 100micrograms/hour transdermal patches
0407020A0BFAAAU,Mezolar Matrix 12micrograms/hour transdermal patches
0407020A0BFABAE,Mezolar Matrix 25micrograms/hour transdermal patches
0407020A0BFACAF,Mezolar Matrix 50micrograms/hour transdermal patches
0407020A0BFADAG,Mezolar Matrix 75micrograms/hour transdermal patches
0407020A0BFAEAH,Mezolar Matrix 100micrograms/hour transdermal patches
0407020A0BFAFBW,Mezolar Matrix 37.5microgram/hour transdermal patches
0407020A0BGAAAE,Fentalis Reservoir 25micrograms/hour transdermal patches
0407020A0BGABAF,Fentalis Reservoir 50micrograms/hour transdermal patches
0407020A0BGACAG,Fentalis Reservoir 75micrograms/hour transdermal patches
0407020A0BGADAH,Fentalis Reservoir 100micrograms/hour transdermal patches
0407020A0BHAAAE,Osmach 25micrograms/hour transdermal patches
0407020A0BHABAF,Osmach 50micrograms/hour transdermal patches
0407020A0BHACAG,Osmach 75micrograms/hour transdermal patches
0407020A0BHADAH,Osmach 100micrograms/hour transdermal patches
0407020A0BLAAAE,Osmanil 25micrograms/hour transdermal patches
0407020A0BLABAF,Osmanil 50micrograms/hour transdermal patches
0407020A0BLACAG,Osmanil 75micrograms/hour transdermal patches
0407020A0BLADAH,Osmanil 100micrograms/hour transdermal patches
0407020A0BLAEAU,Osmanil 12micrograms/hour transdermal patches
0407020A0BMAAAE,Victanyl 25micrograms/hour transdermal patches
0407020A0BMABAF,Victanyl 50micrograms/hour transdermal patches
0407020A0BMACAG,Victanyl 75micrograms/hour transdermal patches
0407020A0BMADAH,Victanyl 100micrograms/hour transdermal patches
0407020A0BMAEAU,Victanyl 12micrograms/hour transdermal patches
0407020A0BQAAAU,Fencino 12micrograms/hour transdermal patches
0407020A0BQABAE,Fencino 25micrograms/hour transdermal patches
0407020A0BQACAF,Fencino 50micrograms/hour transdermal patches
0407020A0BQADAG,Fencino 75micrograms/hour transdermal patches
0407020A0BQAEAH,Fencino 100micrograms/hour transdermal patches
0407020A0BRAAAU,Opiodur 12micrograms/hour transdermal patches (Pfizer)
0407020A0BRABAE,Opiodur 25micrograms/hour transdermal patches (Pfizer)
0407020A0BRACAG,Opiodur 75micrograms/hour transdermal patches (Pfizer)
0407020A0BRADAH,Opiodur 100micrograms/hour transdermal patches (Pfizer)
0407020A0BRAEAF,Opiodur 50micrograms/hour transdermal patches (Pfizer)
0407020A0BRAFAU,Opiodur 12micrograms/hour transdermal patches (RX Farma)
0407020A0BRAGAE,Opiodur 25micrograms/hour transdermal patches (RX Farma)
0407020A0BRAHAF,Opiodur 50micrograms/hour transdermal patches (RX Farma)
0407020A0BRAIAG,Opiodur 75micrograms/hour transdermal patches (RX Farma)
0407020A0BRAJAH,Opiodur 100micrograms/hour transdermal patches (RX Farma)
0407020A0BUAAAU,Mylafent 12micrograms/hour transdermal patches
0407020A0BUABAE,Mylafent 25micrograms/hour transdermal patches
0407020A0BUACAF,Mylafent 50micrograms/hour transdermal patches
0407020A0BUADAG,Mylafent 75micrograms/hour transdermal patches
0407020A0BUAEAH,Mylafent 100micrograms/hour transdermal patches
0407020A0BVAAAU,Yemex 12micrograms/hour transdermal patches
0407020A0BVABAE,Yemex 25micrograms/hour transdermal patches
0407020A0BVACAF,Yemex 50micrograms/hour transdermal patches
0407020A0BVADAG,Yemex 75micrograms/hour transdermal patches
0407020A0BVAEAH,Yemex 100micrograms/hour transdermal patches
0407020ADAAAFAF,Oxycodone 10mg modified-release tablets
0407020ADAAAGAG,Oxycodone 20mg modified-release tablets
0407020ADAAAHAH,Oxycodone 40mg modified-release tablets
0407020ADAAAIAI,Oxycodone 80mg modified-release tablets
0407020ADAAAKAK,Oxycodone 5mg modified-release tablets
0407020ADAAAPAP,Oxycodone 120mg modified-release tablets
0407020ADAAAQAQ,Oxycodone 60mg modified-release tablets
0407020ADAAARAR,Oxycodone 30mg modified-release tablets
0407020ADAAASAS,Oxycodone 15mg modified-release tablets
0407020ADBCAAAF,OxyContin 10mg modified-release tablets
0407020ADBCABAG,OxyContin 20mg modified-release tablets
0407020ADBCACAH,OxyContin 40mg modified-release tablets
0407020ADBCADAI,OxyContin 80mg modified-release tablets
0407020ADBCAEAK,OxyContin 5mg modified-release tablets
0407020ADBCAFAP,OxyContin 120mg modified-release tablets
0407020ADBCAGAQ,OxyContin 60mg modified-release tablets
0407020ADBCAHAR,OxyContin 30mg modified-release tablets
0407020ADBCAIAS,OxyContin 15mg modified-release tablets
0407020ADBDAAAK,Carexil 5mg modified-release tablets
0407020ADBDABAF,Carexil 10mg modified-release tablets
0407020ADBDACAG,Carexil 20mg modified-release tablets
0407020ADBDADAH,Carexil 40mg modified-release tablets
0407020ADBDAEAI,Carexil 80mg modified-release tablets
0407020ADBEAAAK,Longtec 5mg modified-release tablets
0407020ADBEABAF,Longtec 10mg modified-release tablets
0407020ADBEACAG,Longtec 20mg modified-release tablets
0407020ADBEADAH,Longtec 40mg modified-release tablets
0407020ADBEAEAI,Longtec 80mg modified-release tablets
0407020ADBEAFAP,Longtec 120mg modified-release tablets
0407020ADBEAGAS,Longtec 15mg modified-release tablets
0407020ADBEAHAR,Longtec 30mg modified-release tablets
0407020ADBEAIAQ,Longtec 60mg modified-release tablets
0407020ADBFAAAK,Oxylan 5mg modified-release tablets (Chanelle Medical)
0407020ADBFABAF,Oxylan 10mg modified-release tablets (Chanelle Medical)
0407020ADBFACAG,Oxylan 20mg modified-release tablets (Chanelle Medical)
0407020ADBFADAH,Oxylan 40mg modified-release tablets (Chanelle Medical)
0407020ADBFAEAI,Oxylan 80mg modified-release tablets (Chanelle Medical)
0407020ADBFAFAK,Oxylan 5mg modified-release tablets (Actavis)
0407020ADBFAHAG,Oxylan 20mg modified-release tablets (Actavis)
0407020ADBKAAAK,Reltebon 5mg modified-release tablets
0407020ADBKABAF,Reltebon 10mg modified-release tablets
0407020ADBKACAG,Reltebon 20mg modified-release tablets
0407020ADBKADAH,Reltebon 40mg modified-release tablets
0407020ADBKAEAI,Reltebon 80mg modified-release tablets
0407020ADBKAFAS,Reltebon 15mg modified-release tablets
0407020ADBKAGAR,Reltebon 30mg modified-release tablets
0407020ADBKAHAQ,Reltebon 60mg modified-release tablets
0407020ADBLAAAK,Oxeltra 5mg modified-release tablets
0407020ADBLABAI,Oxeltra 80mg modified-release tablets
0407020ADBLACAR,Oxeltra 30mg modified-release tablets
0407020ADBLADAQ,Oxeltra 60mg modified-release tablets
0407020ADBLAEAH,Oxeltra 40mg modified-release tablets
0407020ADBLAFAF,Oxeltra 10mg modified-release tablets
0407020ADBLAGAS,Oxeltra 15mg modified-release tablets
0407020ADBLAHAG,Oxeltra 20mg modified-release tablets
0407020ADBMAAAK,Abtard 5mg modified-release tablets
0407020ADBMABAF,Abtard 10mg modified-release tablets
0407020ADBMACAS,Abtard 15mg modified-release tablets
0407020ADBMADAG,Abtard 20mg modified-release tablets
0407020ADBMAEAH,Abtard 40mg modified-release tablets
0407020ADBMAFAR,Abtard 30mg modified-release tablets
0407020ADBMAGAQ,Abtard 60mg modified-release tablets
0407020ADBMAHAI,Abtard 80mg modified-release tablets
0407020ADBNAAAI,Zomestine 80mg modified-release tablets
0407020ADBNABAH,Zomestine 40mg modified-release tablets
0407020ADBNACAK,Zomestine 5mg modified-release tablets
0407020ADBNADAF,Zomestine 10mg modified-release tablets
0407020ADBNAEAG,Zomestine 20mg modified-release tablets
0407020ADBPAAAK,Leveraxo 5mg modified-release tablets
0407020ADBPABAF,Leveraxo 10mg modified-release tablets
0407020ADBPACAG,Leveraxo 20mg modified-release tablets
0407020ADBPADAR,Leveraxo 30mg modified-release tablets
0407020ADBPAEAH,Leveraxo 40mg modified-release tablets
0407020ADBPAFAQ,Leveraxo 60mg modified-release tablets
0407020ADBPAGAI,Leveraxo 80mg modified-release tablets
0407020ADBQAAAF,Onexila XL 10mg tablets
0407020ADBQABAG,Onexila XL 20mg tablets
0407020ADBQACAH,Onexila XL 40mg tablets
0407020ADBQADAI,Onexila XL 80mg tablets
0407020ADBRAAAK,Renocontin 5mg modified-release tablets
0407020ADBRABAF,Renocontin 10mg modified-release tablets
0407020ADBRACAS,Renocontin 15mg modified-release tablets
0407020ADBRADAG,Renocontin 20mg modified-release tablets
0407020ADBRAEAR,Renocontin 30mg modified-release tablets
0407020ADBRAFAH,Renocontin 40mg modified-release tablets
0407020ADBRAGAQ,Renocontin 60mg modified-release tablets
0407020ADBSAAAK,Oxypro 5mg modified-release tablets
0407020ADBSABAF,Oxypro 10mg modified-release tablets
0407020ADBSACAS,Oxypro 15mg modified-release tablets
0407020ADBSADAG,Oxypro 20mg modified-release tablets
0407020ADBSAEAR,Oxypro 30mg modified-release tablets
0407020ADBSAFAH,Oxypro 40mg modified-release tablets
0407020ADBSAGAQ,Oxypro 60mg modified-release tablets
0407020ADBSAHAI,Oxypro 80mg modified-release tablets
0407020ADBTAAAK,Ixyldone 5mg modified-release tablets
0407020ADBTABAF,Ixyldone 10mg modified-release tablets
0407020ADBTACAS,Ixyldone 15mg modified-release tablets
0407020ADBTADAG,Ixyldone 20mg modified-release tablets
0407020ADBTAEAR,Ixyldone 30mg modified-release tablets
0407020ADBTAFAH,Ixyldone 40mg modified-release tablets
0407020ADBTAGAQ,Ixyldone 60mg modified-release tablets
0407020ADBTAHAI,Ixyldone 80mg modified-release tablets
0407020AFAAAAAA,Oxycodone 10mg / Naloxone 5mg modified-release tablets
0407020AFAAABAB,Oxycodone 20mg / Naloxone 10mg modified-release tablets
0407020AFAAACAC,Oxycodone 5mg / Naloxone 2.5mg modified-release tablets
0407020AFAAADAD,Oxycodone 40mg / Naloxone 20mg modified-release tablets
0407020AFBBAAAA,Targinact 10mg/5mg modified-release tablets
0407020AFBBABAB,Targinact 20mg/10mg modified-release tablets
0407020AFBBACAC,Targinact 5mg/2.5mg modified-release tablets
0407020AFBBADAD,Targinact 40mg/20mg modified-release tablets
0407020AGAAACAC,Tapentadol 50mg modified-release tablets
0407020AGAAADAD,Tapentadol 100mg modified-release tablets
0407020AGAAAEAE,Tapentadol 150mg modified-release tablets
0407020AGAAAFAF,Tapentadol 200mg modified-release tablets
0407020AGAAAGAG,Tapentadol 250mg modified-release tablets
0407020AGBBACAC,Palexia SR 50mg tablets
0407020AGBBADAD,Palexia SR 100mg tablets
0407020AGBBAEAE,Palexia SR 150mg tablets
0407020AGBBAFAF,Palexia SR 200mg tablets
0407020AGBBAGAG,Palexia SR 250mg tablets
0407020B0AAAEAE,Buprenorphine 35micrograms/hour transdermal patches
0407020B0AAAFAF,Buprenorphine 52.5micrograms/hour transdermal patches
0407020B0AAAGAG,Buprenorphine 70micrograms/hour transdermal patches
0407020B0AAAHAH,Buprenorphine 5micrograms/hour transdermal patches
0407020B0AAAIAI,Buprenorphine 10micrograms/hour transdermal patches
0407020B0AAAJAJ,Buprenorphine 20micrograms/hour transdermal patches
0407020B0BDAAAE,Transtec 35micrograms/hour transdermal patches
0407020B0BDABAF,Transtec 52.5micrograms/hour transdermal patches
0407020B0BDACAG,Transtec 70micrograms/hour transdermal patches
0407020B0BEAAAH,BuTrans 5micrograms/hour transdermal patches
0407020B0BEABAI,BuTrans 10micrograms/hour transdermal patches
0407020B0BEACAJ,BuTrans 20micrograms/hour transdermal patches
0407020B0BGAAAE,Hapoctasin 35micrograms/hour transdermal patches
0407020B0BGABAF,Hapoctasin 52.5micrograms/hour transdermal patches
0407020B0BGACAG,Hapoctasin 70micrograms/hour transdermal patches
0407020B0BHAAAH,Butec 5micrograms/hour transdermal patches
0407020B0BHABAI,Butec 10micrograms/hour transdermal patches
0407020B0BHACAJ,Butec 20micrograms/hour transdermal patches
0407020B0BIAAAE,Bupeaze 35micrograms/hour transdermal patches
0407020B0BIABAF,Bupeaze 52.5micrograms/hour transdermal patches
0407020B0BIACAG,Bupeaze 70micrograms/hour transdermal patches
0407020B0BJAAAE,Prenotrix 35micrograms/hour transdermal patches
0407020B0BJABAF,Prenotrix 52.5micrograms/hour transdermal patches
0407020B0BJACAG,Prenotrix 70micrograms/hour transdermal patches
0407020B0BKAAAH,Reletrans 5micrograms/hour transdermal patches
0407020B0BKABAI,Reletrans 10micrograms/hour transdermal patches
0407020B0BKADAJ,Reletrans 20micrograms/hour transdermal patches
0407020B0BLAAAH,Panitaz 5micrograms/hour transdermal patches
0407020B0BLABAI,Panitaz 10micrograms/hour transdermal patches
0407020B0BLACAJ,Panitaz 20micrograms/hour transdermal patches
0407020B0BMAAAH,Sevodyne 5micrograms/hour transdermal patches
0407020B0BMABAI,Sevodyne 10micrograms/hour transdermal patches
0407020B0BMACAJ,Sevodyne 20micrograms/hour transdermal patches
0407020B0BNAAAE,Buplast 35micrograms/hour transdermal patches
0407020B0BNABAF,Buplast 52.5micrograms/hour transdermal patches
0407020B0BNACAG,Buplast 70micrograms/hour transdermal patches
0407020B0BPAAAE,Relevtec 35micrograms/hour transdermal patches
0407020B0BPABAF,Relevtec 52.5micrograms/hour transdermal patches
0407020B0BPACAG,Relevtec 70micrograms/hour transdermal patches
0407020B0BQAAAH,Bupramyl 5micrograms/hour transdermal patches
0407020B0BQABAI,Bupramyl 10micrograms/hour transdermal patches
0407020B0BQACAJ,Bupramyl 20micrograms/hour transdermal patches
0407020B0BRAAAH,Busiete 5micrograms/hour transdermal patches
0407020B0BRABAI,Busiete 10micrograms/hour transdermal patches
0407020B0BRACAJ,Busiete 20micrograms/hour transdermal patches
0407020B0BSAAAE,Turgeon 35micrograms/hour transdermal patches
0407020B0BSABAF,Turgeon 52.5micrograms/hour transdermal patches
0407020B0BSACAG,Turgeon 70micrograms/hour transdermal patches
0407020B0BTAAAE,Carlosafine 35micrograms/hour transdermal patches
0407020B0BTABAF,Carlosafine 52.5micrograms/hour transdermal patches
0407020B0BTACAG,Carlosafine 70micrograms/hour transdermal patches
0407020B0BUAAAH,Bunov 5micrograms/hour transdermal patches
0407020B0BUABAI,Bunov 10micrograms/hour transdermal patches
0407020B0BUACAJ,Bunov 20micrograms/hour transdermal patches
0407020Q0AAAGAG,Morphine 200mg modified-release tablets
0407020Q0AAAHAH,Morphine 100mg modified-release tablets
0407020Q0AAAIAI,Morphine 60mg modified-release tablets
0407020Q0AAAKAK,Morphine 10mg modified-release tablets
0407020Q0AAALAL,Morphine 30mg modified-release tablets
0407020Q0AACFCF,Morphine 15mg modified-release tablets
0407020Q0AACGCG,Morphine 5mg modified-release tablets
0407020Q0AACPCP,Morphine 30mg modified-release granules sachets sugar free
0407020Q0AACVCV,Morphine 20mg modified-release granules sachets sugar free
0407020Q0AADCDC,Morphine 60mg modified-release granules sachets sugar free
0407020Q0AADDDD,Morphine 100mg modified-release granules sachets sugar free
0407020Q0AADEDE,Morphine 200mg modified-release granules sachets sugar free
0407020Q0AADUDU,Morphine 90mg modified-release capsules
0407020Q0AADVDV,Morphine 120mg modified-release capsules
0407020Q0AADWDW,Morphine 150mg modified-release capsules
0407020Q0AAEBEB,Morphine 100mg modified-release capsules
0407020Q0AAEFEF,Morphine 10mg modified-release capsules
0407020Q0AAEGEG,Morphine 30mg modified-release capsules
0407020Q0AAEHEH,Morphine 60mg modified-release capsules
0407020Q0AAEIEI,Morphine 200mg modified-release capsules
0407020Q0BBAAAK,MST Continus 10mg tablets
0407020Q0BBABAL,MST Continus 30mg tablets
0407020Q0BBACAI,MST Continus 60mg tablets
0407020Q0BBADAH,MST Continus 100mg tablets
0407020Q0BBAEAG,MST Continus 200mg tablets
0407020Q0BBAFCV,MST Continus suspension 20mg granules sachets
0407020Q0BBAGCP,MST Continus suspension 30mg granules sachets
0407020Q0BBAHDC,MST Continus suspension 60mg granules sachets
0407020Q0BBAIDD,MST Continus suspension 100mg granules sachets
0407020Q0BBAJDE,MST Continus suspension 200mg granules sachets
0407020Q0BBAKCG,MST Continus 5mg tablets
0407020Q0BBALCF,MST Continus 15mg tablets
0407020Q0BIAAEG,MXL 30mg capsules
0407020Q0BIABEH,MXL 60mg capsules
0407020Q0BIACDU,MXL 90mg capsules
0407020Q0BIADDV,MXL 120mg capsules
0407020Q0BIAEDW,MXL 150mg capsules
0407020Q0BIAFEI,MXL 200mg capsules
0407020Q0BJACEB,Morcap SR 100mg capsules
0407020Q0BKAAEF,Zomorph 10mg modified-release capsules
0407020Q0BKABEG,Zomorph 30mg modified-release capsules
0407020Q0BKACEH,Zomorph 60mg modified-release capsules
0407020Q0BKADEB,Zomorph 100mg modified-release capsules
0407020Q0BKAEEI,Zomorph 200mg modified-release capsules
0407020Q0BMAAAK,Filnarine SR 10mg tablets
0407020Q0BMABAL,Filnarine SR 30mg tablets
0407020Q0BMACAI,Filnarine SR 60mg tablets
0407020Q0BMADAH,Filnarine SR 100mg tablets
0407020Q0BMAEAG,Filnarine SR 200mg tablets
0407020Q0BNAAAK,Morphgesic SR 10mg tablets
0407020Q0BNABAL,Morphgesic SR 30mg tablets
0407020Q0BNACAI,Morphgesic SR 60mg tablets
0407020Q0BNADAH,Morphgesic SR 100mg tablets
